{
  "intents": [
    {
      "intent": "AMAZON.ResumeIntent"
    },
    {
      "intent": "AMAZON.PauseIntent"
    },
    {
      "intent": "AMAZON.StartOverIntent"
    },
    {
      "intent": "AMAZON.StopIntent"
    },
    {
      "intent": "PlayAudioFile"
    },
    {
      "intent": "LAUNCH"
    },
    {
      "intent": "DontKnowIntent"
    },
    {
      "intent": "endOfTest"
    },
    {
      "intent": "exit"
    },
    {
      "intent": "ExplainIntent"
    },
    {
      "intent": "RepeatOptions"
    },
    {
      "intent": "RepeatQuestion"
    },
    {
      "intent": "HowToUse"
    },
    {
      "intent": "SessionEndedRequest"
    },
    {
      "slots": [
        {
          "name": "name",
          "type": "NAME_LIST"
        }
      ],
      "intent": "NameIntent"
    },
    {
      "slots": [
        {
          "name": "Topic",
          "type": "TOPIC_LIST"
        }
      ],
      "intent": "TopicIntent"
    },
    {
      "slots": [
        {
          "name": "challengeLevel",
          "type": "LIST_OF_CHALLENGES"
        }
      ],
      "intent": "ChallengeLevelIntent"
    },
    {
      "slots": [
        {
          "name": "Answer",
          "type": "LIST_OF_ANSWERS_A"
        }
      ],
      "intent": "AnswerIntent"
    },
    {
      "slots": [
        {
          "name": "NextQuestion",
          "type": "CatchAllSlot"
        }
      ],
      "intent": "CallNextQuestion"
    },
    {
      "slots": [
        {
          "name": "CatchAllSlot",
          "type": "CatchAllSlot"
        }
      ],
      "intent": "CatchAllIntent"
    },
    {
      "slots": [
        {
          "name": "Pin",
          "type": "Pin"
        }
      ],
      "intent": "LinkDevice"
    }
  ]
}